{
    "type": "minecraft:crafting_shaped",
    "pattern": [
        "012",
        "345",
        "678"
    ],
    "key": {
        "0": {"item": "minecraft:" },
        "1": {"item": "minecraft:" },
        "2": {"item": "minecraft:" },
        "3": {"item": "minecraft:" },
        "4": {"item": "minecraft:" },
        "5": {"item": "minecraft:" },
        "6": {"item": "minecraft:" },
        "7": {"item": "minecraft:" },
        "8": {"item": "minecraft:" },
    },
  "result": {
    "item": "minecraft:knowledge_book",
    "tag": "{Recipes:[]}"
  }
}